source,url,title,fetched_at,brand,mpn,attrs,condition,is_kit,kit_module_count,unit_price_usd,kit_price_usd,quantity_available,seller_name,seller_rating_pct,seller_feedback_count,ship_from_country,qvl_status,flags,total_for_target_usd
serper_shopping,"https://www.google.com/search?ibp=oshop&q=Focal+Clear+MG+headphones&prds=localAnnotatedOfferId:1,catalogid:10828452288067684190,pvo:2,pvt:hg,rds:PC_6027158597472037202%7CPROD_PC_6027158597472037202&gl=us&udm=28&pvorigin=2",Focal Clear MG Open-Back Headphones,2026-07-10T14:15:55.309206+00:00,,,"{""serper_product_id"": ""10828452288067684190""}",,0,1,1499.0,,,Headphones.com,,,,,[],
serper_shopping,"https://www.google.com/search?ibp=oshop&q=Focal+Clear+MG+headphones&prds=localAnnotatedOfferId:1,catalogid:198790808954677627,pvo:2,pvt:hg,rds:PC_6027158597472037202%7CPROD_PC_6027158597472037202&gl=us&udm=28&pvorigin=2",Focal Clear MG Professional Open-Back Headphones,2026-07-10T14:15:55.309233+00:00,,,"{""serper_product_id"": ""198790808954677627""}",,0,1,1499.0,,,Guitar Center,,,,,[],
serper_shopping,"https://www.google.com/search?ibp=oshop&q=Focal+Clear+MG+headphones&prds=localAnnotatedOfferId:1,catalogid:16103412146189316623,pvo:2,pvt:hg,rds:PC_6027158597472037202%7CPROD_PC_6027158597472037202&gl=us&udm=28&pvorigin=2",Focal Clear MG Pro Open-Back Headphones,2026-07-10T14:15:55.309251+00:00,,,"{""serper_product_id"": ""16103412146189316623""}",,0,1,1198.95,,,B&H Used Store,,,,,[],
serper_shopping,"https://www.google.com/search?ibp=oshop&q=Focal+Clear+MG+headphones&prds=localAnnotatedOfferId:1,productid:17413209715712295811,pvo:2,pvt:hg,rds:PC_6027158597472037202%7CPROD_PC_6027158597472037202&gl=us&udm=28&pvorigin=2",Focal Clear Mg Open-Back Headphones - Brown,2026-07-10T14:15:55.309256+00:00,,,"{""serper_product_id"": ""17413209715712295811""}",,0,1,1098.37,,,Audio Advisor,,,,,[],
serper_shopping,"https://www.google.com/search?ibp=oshop&q=Focal+Clear+MG+headphones&prds=localAnnotatedOfferId:1,productid:1888580688929901199,pvo:2,pvt:hg,rds:PC_6027158597472037202%7CPROD_PC_6027158597472037202&gl=us&udm=28&pvorigin=2",Focal Clear MG Pro Open-Back Reference Studio Headphones,2026-07-10T14:15:55.309276+00:00,,,"{""serper_product_id"": ""1888580688929901199""}",,0,1,1319.12,,,Guitar Center,,,,,[],
serper_shopping,"https://www.google.com/search?ibp=oshop&q=Focal+Clear+MG+headphones&prds=localAnnotatedOfferId:1,productid:481618657898124643,pvo:2,pvt:hg,rds:PC_6027158597472037202%7CPROD_PC_6027158597472037202&gl=us&udm=28&pvorigin=2",Focal Clear Mg Headphones ( Brown ),2026-07-10T14:15:55.309286+00:00,,,"{""serper_product_id"": ""481618657898124643""}",,0,1,1299.0,,,Audio Solutions,,,,,[],
serper_shopping,"https://www.google.com/search?ibp=oshop&q=Focal+Clear+MG+headphones&prds=localAnnotatedOfferId:1,productid:16149090486480781107,pvo:2,pvt:hg,rds:PC_6027158597472037202%7CPROD_PC_6027158597472037202&gl=us&udm=28&pvorigin=2",Focal Clear MG Professional,2026-07-10T14:15:55.309290+00:00,,,"{""serper_product_id"": ""16149090486480781107""}",,0,1,1472.88,,,Digital Audio Service,,,,,[],
serper_shopping,"https://www.google.com/search?ibp=oshop&q=Focal+Clear+MG+headphones&prds=localAnnotatedOfferId:1,productid:5130370066620643237,pvo:2,pvt:hg,rds:PC_6027158597472037202%7CPROD_PC_6027158597472037202&gl=us&udm=28&pvorigin=2",Focal Professional Clear MG Pro Monitor Headphones,2026-07-10T14:15:55.309300+00:00,,,"{""serper_product_id"": ""5130370066620643237""}",,0,1,1980.97,,,Discovery Japan,,,,,[],
ebay_search,https://www.ebay.com/itm/197835842787?_skw=Focal+Clear+MG+headphones&hash=item2e0fef64e3:g:XH4AAeSw2vBor2xs,Focal Clear MG Open-Back Audiophile Headphones (Open Box),2026-07-10T14:15:56.232230+00:00,,,{},used,0,1,1025.0,,,audio_advisor_inc,99.9,6093,US,,[],
ebay_search,https://www.ebay.com/itm/298476504658?_skw=Focal+Clear+MG+headphones&hash=item457e960652:g:tKgAAeSwG2hqR92G,Focal Clear MG Pro Red Open-Back Headphones,2026-07-10T14:15:56.232249+00:00,,,{},used,0,1,999.95,,,classic_toys4u,100.0,10713,US,,[],
ebay_search,https://www.ebay.com/itm/236886533659?_skw=Focal+Clear+MG+headphones&hash=item372789a61b:g:AmQAAeSwa4pqNVe5,Focal Clear MG Open-Back Over-Ear Headphones,2026-07-10T14:15:56.232256+00:00,,,{},used,0,1,949.0,,,zhangru314,100.0,50,US,,[],
ebay_search,https://www.ebay.com/itm/298492569579?_skw=Focal+Clear+MG+headphones&hash=item457f8b27eb:g:XI0AAeSwFCdp9xl3,Focal Clear Mg Professional Open-Back Headphones 40mm Magnesium 55 Ohm,2026-07-10T14:15:56.232262+00:00,,,{},used,0,1,949.97,,,ltsonlinejp,99.7,1065,JP,,"[""ship_from_jp""]",
ebay_search,https://www.ebay.com/itm/188617323273?_skw=Focal+Clear+MG+headphones&hash=item2bea77f309:g:sY8AAeSw6EJqTnoP,Focal Clear MG Pro Reference Studio Open-Back Headphones Red - Retails At $1500!,2026-07-10T14:15:56.232273+00:00,,,{},new,0,1,1350.0,,,premiumelectronicsretailer,100.0,55,US,,[],
ebay_search,https://www.ebay.com/itm/197651737581?_skw=Focal+Clear+MG+headphones&hash=item2e04f62bed:g:H2EAAeSw0h5or2xs,Focal Clear MG Open-Back Audiophile Headphones - Excellent Condition,2026-07-10T14:15:56.232277+00:00,,,{},used,0,1,1099.0,,,audio_advisor_inc,99.9,6093,US,,[],
ebay_search,https://www.ebay.com/itm/117022989864?_skw=Focal+Clear+MG+headphones&hash=item1b3f1d1e28:g:GMAAAeSwPHZphlmG,Focal Clear MG Open-Back Audiophile Headphones - USED - Excellent Condition,2026-07-10T14:15:56.232281+00:00,,,{},used,0,1,950.0,,,jonjon887,100.0,72,US,,[],
ebay_search,https://www.ebay.com/itm/116338477826?_skw=Focal+Clear+MG+headphones&hash=item1b16504b02:g:scMAAOSwz61leiIC,FOCAL Clear Mg Open-Back Over-Ear Headphones AUTHORIZED-DEALER $1500 List !,2026-07-10T14:15:56.232284+00:00,,,{},used,0,1,1079.99,,,hi-fi.heaven,99.8,15641,US,,[],
ebay_search,https://www.ebay.com/itm/205140348972?_skw=Focal+Clear+MG+headphones&hash=item2fc351502c:g:N94AAeSwNIpqE-Di,Focal Clear MG Open-Back Reference Studio Headphone Copper Use,2026-07-10T14:15:56.232288+00:00,,,{},used,0,1,869.99,,,eureka-_-moments,99.9,2935,JP,,"[""ship_from_jp""]",
ebay_search,https://www.ebay.com/itm/157694938074?_skw=Focal+Clear+MG+headphones&hash=item24b759cbda:g:jPAAAeSwu-NpmFQn,"Focal Clear MG Professional - Open-Back Over-Ear Headphones, Scratch-Resistant",2026-07-10T14:15:56.232292+00:00,,,{},used,0,1,1149.0,,,listenupwarehousedeals,99.9,9681,US,,[],
ebay_search,https://www.ebay.com/itm/267600314216?_skw=Focal+Clear+MG+headphones&hash=item3e4e38bf68:g:woEAAeSwnrxpsJpx,Focal Clear MG Over the Ear Headphones - Copper In Mint Condition,2026-07-10T14:15:56.232296+00:00,,,{},used,0,1,1000.0,,,tito1967,100.0,406,US,,[],
ebay_search,https://www.ebay.com/itm/137454029049?_skw=Focal+Clear+MG+headphones&hash=item2000e608f9:g:tokAAeSwnx1qPekC,Focal Clear MG Audiophile Headphones Used  good condition,2026-07-10T14:15:56.232299+00:00,,,{},used,0,1,1063.58,,,kawa-7017,99.8,423,JP,,"[""ship_from_jp""]",
ebay_search,https://www.ebay.com/itm/397265605569?_skw=Focal+Clear+MG+headphones&hash=item5c7ee013c1:g:NXkAAeSwPMBpFz5q,Focal Clear MG Professional Open-Back Headphones - Used Excellent,2026-07-10T14:15:56.232306+00:00,,,{},used,0,1,930.0,,,tex443,0.0,,FR,,"[""ship_from_fr""]",
ebay_search,https://www.ebay.com/itm/158069512277?_skw=Focal+Clear+MG+headphones&hash=item24cdad5855:g:XJ0AAeSwWS1qOUqd,focal clear mg (individual sound id calibration ),2026-07-10T14:15:56.232309+00:00,,,{},used,0,1,1050.0,,,noequalmusic,100.0,33,US,,[],
ebay_search,https://www.ebay.com/itm/168499402114?_skw=Focal+Clear+MG+headphones&hash=item273b58d582:g:MN0AAeSwiSFqQhXz,"Focal Clear MG Open Circumaural High-Fidelity Headphones - Used, Open Box",2026-07-10T14:15:56.232313+00:00,,,{},used,0,1,1439.1,,,creative-car-audio,99.8,40655,US,,[],
ebay_search,https://www.ebay.com/itm/166778449941?_skw=Focal+Clear+MG+headphones&hash=item26d4c53015:g:tRIAAOSws7NmTgFi,Focal Clear MG Professional Open-Back Headphones w/ Stand & Earpad Covers,2026-07-10T14:15:56.232316+00:00,,,{},new,0,1,1599.0,,,downtownphoto,99.7,50813,US,,[],
ebay_search,https://www.ebay.com/itm/127332982406?_skw=Focal+Clear+MG+headphones&hash=item1da5a31e86:g:scMAAOSwz61leiIC,FOCAL Clear Mg Open-Back Over-Ear Headphones AUTHORIZED-DEALER,2026-07-10T14:15:56.232320+00:00,,,{},new,0,1,1499.0,,,hi-fi.heaven,99.8,15641,US,,[],
ebay_search,https://www.ebay.com/itm/188548492748?_skw=Focal+Clear+MG+headphones&hash=item2be65dadcc:i:188548492748,Focales Auriculares de referencia Focal Clear MG Pro Open-Back Studio,2026-07-10T14:15:56.232324+00:00,,,{},used,0,1,1221.89,,,samashdirect,99.2,82636,US,,[],
ebay_search,https://www.ebay.com/itm/197833006726?_skw=Focal+Clear+MG+headphones&hash=item2e0fc41e86:g:XH4AAeSw2vBor2xs,Focal Clear MG Open-Back Audiophile Headphones,2026-07-10T14:15:56.232327+00:00,,,{},new,0,1,1499.0,,,audio_advisor_inc,99.9,6093,US,,[],
ebay_search,https://www.ebay.com/itm/327242405389?_skw=Focal+Clear+MG+headphones&hash=item4c312ad60d:g:NVQAAeSw5XRqRaUs,Focal Clear MG Pro High End Fidelity Audiophile Open Back Headphones Audio,2026-07-10T14:15:56.232333+00:00,,,{},used,0,1,1284.95,,,lemeilleurcosmeticstore,99.6,7508,US,,[],
ebay_search,https://www.ebay.com/itm/336634331109?_skw=Focal+Clear+MG+headphones&hash=item4e60f83fe5:g:qiQAAeSwJg5qKu2y,FOCAL Clear Mg Open-Back Over-Ear Headphones With FOCAL ARCHE,2026-07-10T14:15:56.232338+00:00,,,{},used,0,1,2000.0,,,recycle-hifi,100.0,972,FR,,"[""ship_from_fr""]",
ebay_search,https://www.ebay.com/itm/307017179390?_skw=Focal+Clear+MG+headphones&hash=item477ba660fe:g:jFAAAeSwBdhqONc9,Focal Professional Clear MG Pro Open-Back Studio Headphones Used Japan,2026-07-10T14:15:56.232344+00:00,,,{},used,0,1,1009.0,,,sou_store_jp,99.9,2458,JP,,"[""ship_from_jp""]",
ebay_search,https://www.ebay.com/itm/358047741206?_skw=Focal+Clear+MG+headphones&hash=item535d4ef516:g:UiIAAeSwOcppS3Z0,"Focal Clear MG Headphones (Chesnut) Custom Arctic Cable,  ZMF leather pads",2026-07-10T14:15:56.232348+00:00,,,{},used,0,1,1100.0,,,micle1623,0.0,8,US,,[],
ebay_search,https://www.ebay.com/itm/188545060754?_skw=Focal+Clear+MG+headphones&hash=item2be6294f92:g:pNcAAeSwNvVqOOy2,Focal Clear Mg Open-Back Audiophile Headphones Brand New Unused Luxury Premium,2026-07-10T14:15:56.232351+00:00,,,{},new,0,1,1398.0,,,asterisk_llc,99.7,472,JP,,"[""ship_from_jp""]",
ebay_search,https://www.ebay.com/itm/366205301656?_skw=Focal+Clear+MG+headphones&hash=item5543897398:g:JNMAAeSw2RNqPRXv,Focal Clear MG Headphones Chestnut Brown Box Complete Extras w/Box Tested Japan,2026-07-10T14:15:56.232355+00:00,,,{},used,0,1,1123.49,,,wabisabi_jpn,100.0,538,JP,,"[""ship_from_jp""]",
ebay_search,https://www.ebay.com/itm/397929920549?_skw=Focal+Clear+MG+headphones&hash=item5ca678b825:g:kxAAAeSwFbNp~5m3&amdata=enc%3AAQALAAABAACCtXRWQnOEpyOqnQQ8KGbX%2F9%2B%2BK13olu%2Bzk8%2BXOX55NYqI58B1cc2M238J6ADHI1jwR9wbyYYfGUtDbmRMjVhHjzNBtZdd7L%2B3hIefF2GwD6NngOi9bV2yP%2B7kgQNyA19fSec0rV3DaQN4Dy%2FlHF8hPW7mmoDXK%2Bb6fDuEr%2F3Oja7JuaAGEG1mztYsGiqgnhvmCRjzpDm2AKTDXNcWBXdKdjvQFJPmbhG7vl50o5B4mQPq9MrTRoXH39dDrM03Jf6wRzhV8S%2BaiIuMQ%2Bjk53VdgVzvWcqtIqAE64XfqTIDsBEHI3HnZW%2BkUXljsiH0POCqFU9Y02FCZHozEVV6AlM%3D,Focal Clear MG Open-Back Audiophile Headphones Tested Working w/ Case Box Cable,2026-07-10T14:15:56.232369+00:00,,,{},used,0,1,944.49,,,miyabi_japan_shop,99.9,1229,JP,,"[""ship_from_jp""]",
ebay_search,https://www.ebay.com/itm/287237279797?_skw=Focal+Clear+MG+headphones&hash=item42e0ad1035:g:GA4AAeSwjStpxtA-,Focal Clear MG Over-Ear Headphones Brown Silver w/Carrying Case,2026-07-10T14:15:56.232375+00:00,,,{},used,0,1,1400.0,,,kmpkingshorse,100.0,228,US,,[],
ebay_search,https://www.ebay.com/itm/157501690637?_skw=Focal+Clear+MG+headphones&hash=item24abd5130d:g:HSoAAeSwB11pJd0n,Focal Clear MG,2026-07-10T14:15:56.232379+00:00,,,{},used,0,1,890.0,,,tapolazius,0.0,2,LU,,"[""ship_from_lu""]",
ebay_search,https://www.ebay.com/itm/196530682744?_skw=Focal+Clear+MG+headphones&hash=item2dc2243b78:g:DqYAAOSw5gVmqAeW,Focal Clear MG Open-Back Headphones (Chestnut and Mixed Metal Finish),2026-07-10T14:15:56.232402+00:00,,,{},new,0,1,1599.0,,,downtownphoto,99.7,50813,US,,[],
ebay_search,https://www.ebay.com/itm/227411194596?_skw=Focal+Clear+MG+headphones&hash=item34f2c372e4:g:c-kAAeSwckZqRMgZ,FOCAL Headphones CLEAR MG Used,2026-07-10T14:15:56.232405+00:00,,,{},used,0,1,1462.56,,,hard-off-japan,99.1,657,JP,,"[""ship_from_jp""]",
ebay_search,https://www.ebay.com/itm/335884637244?_skw=Focal+Clear+MG+headphones&hash=item4e3448d43c:g:AXIAAOSwZV5n5oou,Focal Clear MG open-back hi-fi over-ear headphones Brown New,2026-07-10T14:15:56.232416+00:00,,,{},new,0,1,1755.71,,,whiskerwondersshop,99.3,1521,JP,,"[""ship_from_jp""]",
ebay_search,https://www.ebay.com/itm/236588392131?_skw=Focal+Clear+MG+Professional&hash=item3715c45ec3:g:vtcAAeSwm6VpbOa9,FOCAL CLEAR MG PROFESSIONAL Black Red,2026-07-10T14:15:56.719264+00:00,,,{},used,0,1,1379.0,,,turbotradejp,99.6,1125,JP,,"[""ship_from_jp""]",
ebay_search,https://www.ebay.com/itm/227102958865?_skw=Focal+Clear+MG+Professional&hash=item34e0642511:g:tKIAAeSwbyxooB9R,FOCAL PROFESSIONAL/Clear MG Pro Open Headphones [New!!],2026-07-10T14:15:56.719287+00:00,,,{},new,0,1,2786.28,,,jp2021_sunrisetokyo,100.0,72,JP,,"[""ship_from_jp""]",
ebay_search,https://www.ebay.com/itm/187729927324?_skw=Focal+Clear+Magnesium&hash=item2bb5935c9c:g:R4QAAeSwPwtpEqCc,Focal Clear MG Open-Back Audiophile Headphones Magnesium Dome Near Mint Tested,2026-07-10T14:15:57.161116+00:00,,,{},used,0,1,1300.0,,,rin_shop_japan,99.3,565,JP,,"[""ship_from_jp""]",
ebay_search,https://www.ebay.com/itm/358257841400?_skw=Focal+Clear+MG+open-back&hash=item5369d4d4f8:g:1kEAAeSw7IhqMlGT,[EXC] Focal Clear MG High-fidelity open-back headphones Brown Tested w/Box,2026-07-10T14:15:57.623268+00:00,,,{},used,0,1,956.99,,,st_store_tokyo,99.3,2892,JP,,"[""ship_from_jp""]",
ebay_search,https://www.ebay.com/itm/336349854443?_skw=Focal+Clear+MG+open-back&hash=item4e50037aeb:g:8AsAAeSwylhpRCvU,Focal Clear MG Open Back Reference Studio Audiophile Genuine Headphones w/ Box,2026-07-10T14:15:57.623282+00:00,,,{},used,0,1,1249.0,,,sukiyaki_3,99.8,2614,JP,,"[""ship_from_jp""]",
ebay_search,https://www.ebay.com/itm/397467783313?_skw=Focal+Clear+MG+open-back&hash=item5c8aed1091:g:k4AAAeSwztNpXJ3W&amdata=enc%3AAQALAAABAACCtXRWQnOEpyOqnQQ8KGYoSCRgoMV2Tvvexv%2BEdo9HNVu5DBNHQ2F23kD6UclNOFuwjCMGxAFI252cbqisf43hiU%2FgnNBGKDRw3wMASkblVK7vYVr3%2B3D0ufKc7ZbQ318qgE%2FOWalk8OOxOcGeRqnEwNwLULQ9w1cxeMDiOVdJyUu5Crt%2FxyPWN%2BUD%2FpQIDJt4afSV2LUiF8V%2B2hOb9fT6dvqixdxvsjcFz%2FHtsbAlo%2FCU7U8OeTLbV0K1bzNFQhxcrwsngF%2BitTnu8mdmdLG44%2F1VNmUInWh3V199t20uHJrPRB75YrrFAOT7JxyUrERvVUyN8PofbSweYNHZjAU%3D,Focal Clear MG Open Back High-Fidelity Over-Ear Headphones Wired Brown,2026-07-10T14:15:57.623288+00:00,,,{},used,0,1,1272.49,,,miyabi_japan_shop,99.9,1229,JP,,"[""ship_from_jp""]",
ebay_search,https://www.ebay.com/itm/366091567465?_skw=Focal+Clear+MG+open-back&hash=item553cc20169:g:QN4AAeSwav5qOH7j&amdata=enc%3AAQALAAABAACCtXRWQnOEpyOqnQQ8KGZJDBwrP69mDSMTCu32%2BpWjyCjhBA5GNHQT1sRORMtrG7ecliFwB2RiPExb3lq5KiFR%2FJ9EmmmDZcp9%2FVoUNfzs4e8ieDKNLPXd5rY4kznH0nSv22RnBea4K8WNYSgZkzdzd81ntdr6vO8g6jgWDFlc9pvkt4h%2F5Y79pv7dr5Yg4a9vKaJqjnV6VjE9VSpUDLgf7rTnzLYqcEFm3RkiGmkcKj15bo5zAoIo5PYJc0oabCBlmPn7hddoLt1Q1t6QQPSmhB7U%2FxbQiryTk4w7LtOV%2FY%2BOuL6eImY49pgWAaWahZEUn%2BNK52GsmwnSX92uWjk%3D,FOCAL Clear MG Open-Back Reference Studio Headphones Copper Used,2026-07-10T14:15:57.623292+00:00,,,{},used,0,1,1300.0,,,japanese_trading_company.msk,99.8,507,JP,,"[""ship_from_jp""]",
ebay_search,https://www.ebay.com/itm/397275439954?_skw=Focal+Clear+MG+open-back&hash=item5c7f762352:g:Qz4AAeSwB81pGdVw&amdata=enc%3AAQALAAABAACCtXRWQnOEpyOqnQQ8KGYyFLesVet0bHYvPhvmo5ZzE8zAJM%2Bk0OjOZIaj05bTcUQtVSlTb8J294L2BO86R3V2oNMV%2B5rYOYSocI2baPepEjJRdQMtkJQcYjIK6zwU9qKt%2BODlULvWAWXM%2B8eYk3cKjFEjo6PfYFpRxTTq2Z83u3RcJoNg1E9UIXAqZ3MK6w8tZVuBQ0NOiYE%2FFkxjNgdM%2FOxKIy%2BHkagEjm7gKRfOdGparzdi7Kxe1fKuakF6TCLC3rXm38PDZyRqpb6SbIRL6MLzf%2BmzjpYm1qfRihZe9xgLNvgMhSrr7xzzcME1pZSiLaeS7BGKHq5786HxZHw%3D,Focal Clear MG Open Back Headphones Good GP,2026-07-10T14:15:57.623295+00:00,,,{},used,0,1,945.99,,,long_run_jp,99.6,1892,JP,,"[""ship_from_jp""]",
ebay_search,https://www.ebay.com/itm/358079276796?_skw=Focal+Clear+MG+open-back&hash=item535f3026fc:g:u2oAAeSwPWlpWODf&amdata=enc%3AAQALAAABAACCtXRWQnOEpyOqnQQ8KGYlAw1DW1UdJDJzkwJfQWX7e143YqIxt%2BaTC4yaL45DR3JyEdB%2FA5DcN9uyN9OnycYcVJli2E5jkdMA82klOXuTM5O6N2jhlViqJMxHkzAwxDphdBZEX1eqGBlf7hOjrCyxvLQj2qqm5RunhtSifkcuVXGD0qr3QxN1tZY3yUw3ZNReH7TGIsdUsBLjSQNGraucy8yCTxtTl8iBRPEW%2Ff4uCawusY6ct7jHqJRBJBUW%2BBK7ZaoBUHaTtihjE6LYkg5YMKpvKCNtbkeJhxqJ473lQiENlZ8YNRxaJQP43tz4yZZaFxaZgtY%2F%2B3sc473aKV0%3D,FOCAL Clear MG Open-Back Headphones Brown Gold Excellent Condition w/ Case,2026-07-10T14:15:57.623298+00:00,,,{},used,0,1,1240.49,,,adorix717,99.8,495,JP,,"[""ship_from_jp""]",
ebay_search,https://www.ebay.com/itm/405456221575?_skw=Focal+Clear+MG+open-back&hash=item5e6712f587:g:PsYAAOSwNY1neLn2,Focal Clear MG Open-Back Reference Studio Headphone Copper Wired headphone,2026-07-10T14:15:57.623302+00:00,,,{},used,0,1,1405.47,,,greenepron,99.5,1735,JP,,"[""ship_from_jp""]",
ebay_search,https://www.ebay.com/itm/205380022148?_skw=Focal+Clear+MG+open-back&hash=item2fd19a6f84:g:vzQAAOSwjEpoD6dj,Focal Clear MG Headphone Open-Back Reference Studio Headphone Copper NEW,2026-07-10T14:15:57.623305+00:00,,,{},new,0,1,1397.99,,,eureka-_-moments,99.9,2935,JP,,"[""ship_from_jp""]",
ebay_search,https://www.ebay.com/itm/205979014478?_skw=Focal+Clear+MG+open-back&hash=item2ff54e554e:g:4o8AAeSwIJxpXj2V,FOCAL CLEAR MG HIGH-FIDELITY OPEN-BACK HEADPHONES BROWN FROM JAPAN,2026-07-10T14:15:57.623309+00:00,,,{},new,0,1,1399.99,,,japan-peekaboo,100.0,670,JP,,"[""ship_from_jp""]",
ebay_search,https://www.ebay.com/itm/178168889494?_skw=Focal+Clear+MG+open-back&hash=item297bb18096:g:8fsAAeSwnUZqFPC7&amdata=enc%3AAQALAAABAACCtXRWQnOEpyOqnQQ8KGYBHdsfSfQcTNZ8KZ0gslSnUYMXTNdIqYYy%2F8vVtl9Sn7WITetwTQ%2BVo9LhTuiuFt5DkJ3Nm1PDG34rQP4c3zRR141l5EwYGZAHejL7Krs7lwic5uIpXuesv0DmdrsWj2tlBKqSW7JA5Pm0iCG1AE1xcWS1xJRBYgutrScvGS8Sij1%2Fajot2ufkEbZsV4ysK6ozkUNvmhraNnAo%2FpaKlG9%2F8U06yfAodySYBrTM%2BmFHY74tgeU1C5olG8Kg3eVd6M9ofuvRz8krXgXAHzvEHPct29sCn8sOM8rJH%2F8pm0QhOe4UUkkKzjLk5yRDllHO5Ko%3D,Focal Clear MG Open-Back Audiophile Headphones with Case Box Cable,2026-07-10T14:15:57.623312+00:00,,,{},used,0,1,1057.02,,,infinity_japan,98.9,3868,JP,,"[""ship_from_jp""]",
ebay_search,https://www.ebay.com/itm/406529513657?_skw=Focal+Clear+MG+open-back&hash=item5ea70c18b9:g:ufsAAeSwLLdpUPOJ&amdata=enc%3AAQALAAABAACCtXRWQnOEpyOqnQQ8KGZ%2FZcQRgNdCdFuWGepyQOMuBRTCAVPcuu2q5oaNGoIVXRdRVGNMvHj3vfnfRAFNA7fvusKi15OhN8U1Vgqyaa5KbugYJsfvdJyZ8FlgJAMByUC43vgrHDSTvKCdtVnPTMEscWA0R2XFpkbiLkhrsj0DMxos3fWdMjb9kujwBhs1NPyvhuXt5CYHE0yODAAkX475bsC9X8SlP720DqfGRakXC%2FMdKMfC11lZK%2B1LKPU2Cf%2B94Pa68r4Ldw91DOFzNCsYVR2MZiTdnCyegOzzTnCRuCOLa2jiGh2YMOJv6hq9A7m0Q3xnuWWheXX%2F89NsLL4%3D,Focal Clear MG Open-Back Headphones Japan Model Complete Set by LUXMAN,2026-07-10T14:15:57.623316+00:00,,,{},used,0,1,1289.48,,,chiri-initiative,99.8,3089,JP,,"[""ship_from_jp""]",
ebay_search,https://www.ebay.com/itm/397543022302?_skw=Focal+Clear+MG+open-back&hash=item5c8f691ede:g:eAAAAeSwO8ZpeT-F,FOCAL CLEAR MG HIGH FIDELITY OPEN BACK HEADPHONES BROWN FROM JAPAN,2026-07-10T14:15:57.623319+00:00,,,{},used,0,1,1790.0,,,tsumikichi030303.shop,100.0,2540,JP,,"[""ship_from_jp""]",
ebay_search,https://www.ebay.com/itm/198024436469?_skw=Focal+Clear+MG+open-back&hash=item2e1b2d1af5:g:6zEAAeSwQo9pZeHf,Focal Clear MG High-fidelity open-back headphones Brown From Japan Near Mint,2026-07-10T14:15:57.623322+00:00,,,{},used,0,1,1429.01,,,gran_room_tokyo,99.8,956,JP,,"[""ship_from_jp""]",
ebay_search,https://www.ebay.com/itm/394567503737?_skw=Focal+Clear+MG+open-back&hash=item5bde0e4f79:g:1bgAAOSwDr5kOSWq,Focal Clear MG Over the Ear Headphones Brown XLR-4P Cable φ3.5mm 55Ω New,2026-07-10T14:15:57.623326+00:00,,,{},new,0,1,1924.63,,,hinahono,99.8,1533,JP,,"[""ship_from_jp""]",
ebay_search,https://www.ebay.com/itm/257299477598?_skw=Focal+Clear+MG+open-back&hash=item3be83e745e:g:TKwAAeSw6uFpX8VJ,Focal Clear MG Over the Ear Headphones - Copper Brand New,2026-07-10T14:15:57.623329+00:00,,,{},new,0,1,1399.99,,,zhou_tech,96.4,108,US,,[],
ebay_search,https://www.ebay.com/itm/235648007719?_skw=Focal+Clear+MG+open-back&hash=item36ddb73e27:g:l0YAAOSwIsZmj0pr,NEW Focal Clear MG Open-Back High-Fidelity Over-Ear Headphones,2026-07-10T14:15:57.623335+00:00,,,{},new,0,1,1639.99,,,buyerseller-andrew,0.0,224,US,,[],
ebay_search,https://www.ebay.com/itm/297737261786?_skw=Focal+Clear+MG+open-back&hash=item45528612da:g:SiMAAeSwdzppCsGQ&amdata=enc%3AAQALAAABAACCtXRWQnOEpyOqnQQ8KGZ3nNnv9ECZEW354n87IqossvjdiULJeR9R997YEMBnktb58KWlEYaGfO6eUiBFO51RpOwrDCqZcnq74GfJK44NxVZ38oJGysOUDOIQk4qrWtpxK7jYN253UhmI1Kz%2B12ylOAiJ2e4QESsvFBCiMeRjgMHAaWEsEabdMCiSqBohv5NQiznROB%2FDJSQJm6GC0poY%2FUJzdeNAzUkk%2FoqvcObjTdUaQ7nC%2FeINkovk7LUoZ%2FyZgQPJeYLBiSR%2BD%2Bk9dSbTF7Q4DF5eR3IwSXtoMk%2Fof9VPYCC6VTlivsLfex5GCTfhsGvkKEz%2BkeBXsRCzqW8%3D,Focal Clear MG Open-Back Hi-Fi Over-Ear Headphones New From Japan,2026-07-10T14:15:57.623338+00:00,,,{},new,0,1,1411.99,,,tokyo-connect.shop,98.6,189,JP,,"[""ship_from_jp""]",
amazon_dataforseo,https://www.amazon.com/sspa/click?ie=UTF8&spc=MTo2ODQzOTU1Mzc3MjM4MTkwOjE3ODM2OTI5ODQ6c3BfYXRmOjMwMDg2MDEwMDg4ODgwMjo6MDo6&url=%2FFocal-Professional-Open-Back-Headphones-Bundle%2Fdp%2FB08WZDPZP3%2Fref%3Dsr_1_1_sspa%3Fcrid%3D5KNCY7GQLT80%26dib%3DeyJ2IjoiMSJ9.ldwy_eIX6X8FTRG3um8ggqzROKX4U52B_oTwyAIX58syvasZM9wKn-1hltZQc_B5HHW_lJuKVntm4YUw1lGBH06GqowIUdjoXjbWAJalRZoFXFWRXHw8uV9K5DeEeGLH2vMuum-FcNZBhMv8yPLLic1kqw5SPuwmEcF8PHG7W-lMvUFXYg7DNZu7Oi7uD1TsyA2U-0iewtjNkcQBxev4-J1-a6U1TDahtO42IINuw9k.hmmlbrYKEQKB0e2l5486GYGFDtHTz56HJmkoQ7J1xkI%26dib_tag%3Dse%26keywords%3DFocal%2BClear%2BMG%2Bheadphones%26qid%3D1783692984%26sprefix%3DFocal%252BClear%252BMG%252Bheadphones%252Caps%252C155%26sr%3D8-1-spons%26sp_csd%3Dd2lkZ2V0TmFtZT1zcF9hdGY%26psc%3D1,Clear MG Professional Open-Back Headphones Bundle with Headphones Stand & Earpad Covers,2026-07-10T14:21:04.010862+00:00,,,"{""asin"": ""B08WZDPZP3""}",,0,1,1599.0,,,Amazon,,,,,[],
amazon_dataforseo,https://www.amazon.com/Focal-Open-Back-High-Fidelity-Over-Ear-Headphones/dp/B08TDBZPVW/ref=sr_1_3?crid=5KNCY7GQLT80&dib=eyJ2IjoiMSJ9.ldwy_eIX6X8FTRG3um8ggqzROKX4U52B_oTwyAIX58syvasZM9wKn-1hltZQc_B5HHW_lJuKVntm4YUw1lGBH06GqowIUdjoXjbWAJalRZoFXFWRXHw8uV9K5DeEeGLH2vMuum-FcNZBhMv8yPLLic1kqw5SPuwmEcF8PHG7W-lMvUFXYg7DNZu7Oi7uD1TsyA2U-0iewtjNkcQBxev4-J1-a6U1TDahtO42IINuw9k.hmmlbrYKEQKB0e2l5486GYGFDtHTz56HJmkoQ7J1xkI&dib_tag=se&keywords=Focal+Clear+MG+headphones&qid=1783692984&sprefix=Focal%2BClear%2BMG%2Bheadphones%2Caps%2C155&sr=8-3,Clear MG Open-Back High-Fidelity Over-Ear Headphones,2026-07-10T14:21:04.010890+00:00,,,"{""asin"": ""B08TDBZPVW""}",,0,1,1169.0,,,Amazon,,,,,[],
amazon_dataforseo,https://www.amazon.com/Focal-Professional-Circum-aural-Open-Back-Headphones/dp/B08WQ4CCX4/ref=sr_1_4?crid=5KNCY7GQLT80&dib=eyJ2IjoiMSJ9.ldwy_eIX6X8FTRG3um8ggqzROKX4U52B_oTwyAIX58syvasZM9wKn-1hltZQc_B5HHW_lJuKVntm4YUw1lGBH06GqowIUdjoXjbWAJalRZoFXFWRXHw8uV9K5DeEeGLH2vMuum-FcNZBhMv8yPLLic1kqw5SPuwmEcF8PHG7W-lMvUFXYg7DNZu7Oi7uD1TsyA2U-0iewtjNkcQBxev4-J1-a6U1TDahtO42IINuw9k.hmmlbrYKEQKB0e2l5486GYGFDtHTz56HJmkoQ7J1xkI&dib_tag=se&keywords=Focal+Clear+MG+headphones&qid=1783692984&sprefix=Focal%2BClear%2BMG%2Bheadphones%2Caps%2C155&sr=8-4,"Clear Mg Professional Circum-aural Open-Back Headphones, Black",2026-07-10T14:21:04.010896+00:00,,,"{""asin"": ""B08WQ4CCX4""}",,0,1,1499.0,,,Amazon,,,,,[],
amazon_dataforseo,https://www.amazon.com/Focal-Clear-Circumaural-High-Fidelity-Headphones/dp/B08ZYY5PJP/ref=sr_1_5?crid=5KNCY7GQLT80&dib=eyJ2IjoiMSJ9.ldwy_eIX6X8FTRG3um8ggqzROKX4U52B_oTwyAIX58syvasZM9wKn-1hltZQc_B5HHW_lJuKVntm4YUw1lGBH06GqowIUdjoXjbWAJalRZoFXFWRXHw8uV9K5DeEeGLH2vMuum-FcNZBhMv8yPLLic1kqw5SPuwmEcF8PHG7W-lMvUFXYg7DNZu7Oi7uD1TsyA2U-0iewtjNkcQBxev4-J1-a6U1TDahtO42IINuw9k.hmmlbrYKEQKB0e2l5486GYGFDtHTz56HJmkoQ7J1xkI&dib_tag=se&keywords=Focal+Clear+MG+headphones&qid=1783692984&sprefix=Focal%2BClear%2BMG%2Bheadphones%2Caps%2C155&sr=8-5,Clear MG Open Circumaural High-Fidelity Headphones,2026-07-10T14:21:04.010900+00:00,,,"{""asin"": ""B08ZYY5PJP""}",,0,1,1499.0,,,Amazon,,,,,[],
amazon_dataforseo,https://www.amazon.com/Focal-Open-back-Reference-Studio-Headphones/dp/B09RQ4CBM5/ref=sr_1_6?crid=5KNCY7GQLT80&dib=eyJ2IjoiMSJ9.ldwy_eIX6X8FTRG3um8ggqzROKX4U52B_oTwyAIX58syvasZM9wKn-1hltZQc_B5HHW_lJuKVntm4YUw1lGBH06GqowIUdjoXjbWAJalRZoFXFWRXHw8uV9K5DeEeGLH2vMuum-FcNZBhMv8yPLLic1kqw5SPuwmEcF8PHG7W-lMvUFXYg7DNZu7Oi7uD1TsyA2U-0iewtjNkcQBxev4-J1-a6U1TDahtO42IINuw9k.hmmlbrYKEQKB0e2l5486GYGFDtHTz56HJmkoQ7J1xkI&dib_tag=se&keywords=Focal+Clear+MG+headphones&qid=1783692984&sprefix=Focal%2BClear%2BMG%2Bheadphones%2Caps%2C155&sr=8-6,Clear MG Pro Open-back Reference Studio Headphones,2026-07-10T14:21:04.010905+00:00,,,"{""asin"": ""B09RQ4CBM5""}",,0,1,1499.0,,,Amazon,,,,,[],
